<?xml version="1.0" encoding="UTF-8"?>
<!DOCTYPE mapper
  PUBLIC "-//mybatis.org//DTD Mapper 3.0//EN"
  "http://mybatis.org/dtd/mybatis-3-mapper.dtd">
  
  <mapper namespace="org.hospital.mapper.NoticeMapper">
  
  	<sql id="criterial">
  		 <trim prefix="(" suffix=") and">
	  	<foreach collection="typeArr" item="type" separator="or">
	  	<if test="type=='T'.toString()">
	  		title like '%' || #{keyword} || '%'
	  	</if>
	  	<if test="type=='C'.toString()">
	  		content like '%' || #{keyword} || '%'
	  	</if>
	  </foreach>
	  </trim>
  	</sql>
  
  	<select id="getList"
  	resultType="org.hospital.domain.NoticeVO">
  	select * from NOTICE where bno>0 ORDER BY BNO ASC
  	</select>
  	
  	<insert id="insert">
  	insert into notice(bno,title,content,writer)
	values(seq_notice.nextval,#{title},#{content},
	#{writer})
  	</insert>
  	
  	<insert id="insertSelectKey">
  		<selectKey keyProperty="bno" order="BEFORE" resultType="long">
  			select seq_notice.nextval from dual
  		</selectKey>
  		
  	insert into notice(bno,title,content,writer)
	values(#{bno},#{title},#{content},#{writer})
  	</insert>
  	
  	<select id="read" resultType="org.hospital.domain.NoticeVO">
  		select * from notice where bno=#{bno}
  	</select>	
  	
  	<delete id="delete">
  		delete from notice where bno=#{bno}
  	</delete>
  	
  	<update id="update">
  		update notice
		set title = #{title}, 
		content = #{content}, 
		writer = #{writer}, 
		updatedate = sysdate
		where bno = #{bno}
  	</update>
		
	<select id="getListWithPagging" resultType="org.hospital.domain.NoticeVO">
  	  
     <![CDATA[
  		select bno,title,content,writer,regdate,updatedate
		from(
    		select 
    		rownum rn, bno,title,content,writer,regdate,updatedate
    		from notice
    		where 
	  ]]>   
	  
	  <include refid="criterial"></include>
	   <![CDATA[
	   	rownum <= #{pageNum} * #{amount})
		where 
	   	rn > (#{pageNum}-1) * #{amount}
	   ]]> 
  	</select> 
  	
  	<!-- 7/20 -->
  	<!-- BoardMapper 인터페이스 => 바인딩 -->
  	<!-- 전체 행 갯수 가져오기 -->
  	<select id="getTotalCount" resultType="int">
  		<![CDATA[
  		select count(*) from notice where
  		]]> 
  		
  		<include refid="criterial"></include>
  		<![CDATA[
  		bno>0
  		]]> 
  	</select>
 
 	<select id="searchTest" resultType="org.hospital.domain.NoticeVO">
 		<![CDATA[
 		select * from notice
 		where
 		]]> 
 			<trim prefix="(" suffix=") and">
 			<foreach collection="map" index="key" item="val" 
 			separator="or">
 				<if test="key == 'T'.toString() ">
 					title like #{val}
 				</if>
 				<if test="key == 'C'.toString() ">
 					content like #{val}
 				</if>
 			</foreach>
 			</trim>
 		<![CDATA[	
 		rownum < 10
 		]]>
 	</select>
 
</mapper>
  
  
  
  
  
  
  
  
  
  
  