<?xml version="1.0" encoding="UTF-8" ?>
<!DOCTYPE mapper
  PUBLIC "-//mybatis.org//DTD Mapper 3.0//EN"
  "http://mybatis.org/dtd/mybatis-3-mapper.dtd">
  
<mapper namespace="org.hospital.mapper.ReplyMapper">
	<insert id="insert">
		insert into hospital_reply(rno, bno, reply, replyer, rate)
		values(seq_reply.nextval, #{bno}, #{reply}, #{replyer}, #{rate})
	</insert>
	<select id="read" resultType="org.hospital.domain.ReplyVO">
		select * from tbl_reply where rno = #{rno}
	</select>
	<delete id="delete">
		delete from tbl_reply where rno = #{rno}
	</delete>
	<update id="update">
		update tbl_reply set
		reply = #{reply},
		updatedate = sysdate
		where rno = #{rno}
	</update>
	<!-- <select id="getListWithPaging" resultType="org.zerock.domain.ReplyVO">
		select rno, bno, reply, replyer, replyDate, updateDate
		from tbl_reply
		where bno = #{bno}
		order by rno desc
	</select>  -->
	<select id="getList" resultType="org.hospital.domain.ReplyVO">
		<![CDATA[
		select rno, bno, reply, replyer, replyDate, updateDate, rate
		from (
			select /*+index(hospital_reply pk_reply)*/
			rownum rn, rno, bno, reply, replyer, replyDate, updateDate, rate
			from hospital_reply
			where bno = #{bno}
			and rno > 0
		)
		order by rno desc
		]]>
	</select>
	
	<select id="getCountByBno" resultType="int">
		select count(rno) from tbl_reply where bno = #{bno}
	</select>
</mapper>